"String","Line Number","File"
"ADMIN","267","/Users/self/Documents/find_and_replace/data/example/source/com/ui/LoginActivity.java"
"No net connection","489","/Users/self/Documents/find_and_replace/data/example/source/com/ui/LoginActivity.java"
"Enter email","508","/Users/self/Documents/find_and_replace/data/example/source/com/ui/LoginActivity.java"
"Cancel","512","/Users/self/Documents/find_and_replace/data/example/source/com/ui/LoginActivity.java"
"Send reset link","521","/Users/self/Documents/find_and_replace/data/example/source/com/ui/LoginActivity.java"
"Info","542","/Users/self/Documents/find_and_replace/data/example/source/com/ui/LoginActivity.java"
"please Enter Your e-mail id","543","/Users/self/Documents/find_and_replace/data/example/source/com/ui/LoginActivity.java"
"OK","544","/Users/self/Documents/find_and_replace/data/example/source/com/ui/LoginActivity.java"
"Info","553","/Users/self/Documents/find_and_replace/data/example/source/com/ui/LoginActivity.java"
"Please Enter valid e-mail id","554","/Users/self/Documents/find_and_replace/data/example/source/com/ui/LoginActivity.java"
"OK","555","/Users/self/Documents/find_and_replace/data/example/source/com/ui/LoginActivity.java"
"Loading","563","/Users/self/Documents/find_and_replace/data/example/source/com/ui/LoginActivity.java"
"Sending... Please wait","565","/Users/self/Documents/find_and_replace/data/example/source/com/ui/LoginActivity.java"
"Back","655","/Users/self/Documents/find_and_replace/data/example/source/com/ui/LoginActivity.java"
"You are currently offline and Credentials mismatched with previous user. ","774","/Users/self/Documents/find_and_replace/data/example/source/com/ui/LoginActivity.java"
"\n","774","/Users/self/Documents/find_and_replace/data/example/source/com/ui/LoginActivity.java"
"Please try anyone of following: ","775","/Users/self/Documents/find_and_replace/data/example/source/com/ui/LoginActivity.java"
"\n * Enable mobile data / wifi\n * Login using previously used credentials","776","/Users/self/Documents/find_and_replace/data/example/source/com/ui/LoginActivity.java"
"activity","803","/Users/self/Documents/find_and_replace/data/example/source/com/ui/LoginActivity.java"
"Loading","823","/Users/self/Documents/find_and_replace/data/example/source/com/ui/LoginActivity.java"
"Trying to Login... Please wait","826","/Users/self/Documents/find_and_replace/data/example/source/com/ui/LoginActivity.java"
"activity","974","/Users/self/Documents/find_and_replace/data/example/source/com/ui/LoginActivity.java"
"activity","1005","/Users/self/Documents/find_and_replace/data/example/source/com/ui/LoginActivity.java"
"Go to settings","1042","/Users/self/Documents/find_and_replace/data/example/source/com/ui/LoginActivity.java"
"change server","1043","/Users/self/Documents/find_and_replace/data/example/source/com/ui/LoginActivity.java"
"{ori@SVR-19}","1053","/Users/self/Documents/find_and_replace/data/example/source/com/ui/LoginActivity.java"
"123","1054","/Users/self/Documents/find_and_replace/data/example/source/com/ui/LoginActivity.java"
"Choose Server..","1103","/Users/self/Documents/find_and_replace/data/example/source/com/ui/LoginActivity.java"
"Cancel","1108","/Users/self/Documents/find_and_replace/data/example/source/com/ui/LoginActivity.java"
"Update","1113","/Users/self/Documents/find_and_replace/data/example/source/com/ui/LoginActivity.java"
"Cancel","1117","/Users/self/Documents/find_and_replace/data/example/source/com/ui/LoginActivity.java"
"View Parsing error","1210","/Users/self/Documents/find_and_replace/data/example/source/com/ui/LoginActivity.java"
"Connected to ","1237","/Users/self/Documents/find_and_replace/data/example/source/com/ui/LoginActivity.java"
" Server","1239","/Users/self/Documents/find_and_replace/data/example/source/com/ui/LoginActivity.java"
"textColor","1245","/Users/self/Documents/find_and_replace/data/example/source/com/ui/LoginActivity.java"
"Can't change to ","1283","/Users/self/Documents/find_and_replace/data/example/source/com/ui/LoginActivity.java"
" Server","1287","/Users/self/Documents/find_and_replace/data/example/source/com/ui/LoginActivity.java"
"No net connection","1340","/Users/self/Documents/find_and_replace/data/example/source/com/ui/LoginActivity.java"
"Send Activation Link:","1349","/Users/self/Documents/find_and_replace/data/example/source/com/ui/LoginActivity.java"
"Cancel","1362","/Users/self/Documents/find_and_replace/data/example/source/com/ui/LoginActivity.java"
"Cancel","1363","/Users/self/Documents/find_and_replace/data/example/source/com/ui/LoginActivity.java"
"Send reset link","1371","/Users/self/Documents/find_and_replace/data/example/source/com/ui/LoginActivity.java"
"Send","1372","/Users/self/Documents/find_and_replace/data/example/source/com/ui/LoginActivity.java"
"E-mail id is invalid. Can't send the activation link.","1390","/Users/self/Documents/find_and_replace/data/example/source/com/ui/LoginActivity.java"
"Loading","1396","/Users/self/Documents/find_and_replace/data/example/source/com/ui/LoginActivity.java"
"Sending... Please wait","1398","/Users/self/Documents/find_and_replace/data/example/source/com/ui/LoginActivity.java"
"English","1520","/Users/self/Documents/find_and_replace/data/example/source/com/ui/LoginActivity.java"
"0","1520","/Users/self/Documents/find_and_replace/data/example/source/com/ui/LoginActivity.java"
"en","1520","/Users/self/Documents/find_and_replace/data/example/source/com/ui/LoginActivity.java"
"italiano","1521","/Users/self/Documents/find_and_replace/data/example/source/com/ui/LoginActivity.java"
"0","1521","/Users/self/Documents/find_and_replace/data/example/source/com/ui/LoginActivity.java"
"it","1521","/Users/self/Documents/find_and_replace/data/example/source/com/ui/LoginActivity.java"
"Française","1522","/Users/self/Documents/find_and_replace/data/example/source/com/ui/LoginActivity.java"
"0","1522","/Users/self/Documents/find_and_replace/data/example/source/com/ui/LoginActivity.java"
"fr","1522","/Users/self/Documents/find_and_replace/data/example/source/com/ui/LoginActivity.java"
"Española","1523","/Users/self/Documents/find_and_replace/data/example/source/com/ui/LoginActivity.java"
"0","1523","/Users/self/Documents/find_and_replace/data/example/source/com/ui/LoginActivity.java"
"es","1523","/Users/self/Documents/find_and_replace/data/example/source/com/ui/LoginActivity.java"
"Nederlands","1524","/Users/self/Documents/find_and_replace/data/example/source/com/ui/LoginActivity.java"
"0","1524","/Users/self/Documents/find_and_replace/data/example/source/com/ui/LoginActivity.java"
"nl","1524","/Users/self/Documents/find_and_replace/data/example/source/com/ui/LoginActivity.java"
"Deutsche","1525","/Users/self/Documents/find_and_replace/data/example/source/com/ui/LoginActivity.java"
"0","1525","/Users/self/Documents/find_and_replace/data/example/source/com/ui/LoginActivity.java"
"de","1525","/Users/self/Documents/find_and_replace/data/example/source/com/ui/LoginActivity.java"
"Polskie","1526","/Users/self/Documents/find_and_replace/data/example/source/com/ui/LoginActivity.java"
"0","1526","/Users/self/Documents/find_and_replace/data/example/source/com/ui/LoginActivity.java"
"pl","1526","/Users/self/Documents/find_and_replace/data/example/source/com/ui/LoginActivity.java""Dev:","50","/Users/self/Documents/find_and_replace/data/example/source/res/layout/recycler_select_record.xml"
"TPMS ID :","68","/Users/self/Documents/find_and_replace/data/example/source/res/layout/recycler_select_record.xml"
"TESTTPMS","76","/Users/self/Documents/find_and_replace/data/example/source/res/layout/recycler_select_record.xml"
"MAC :","85","/Users/self/Documents/find_and_replace/data/example/source/res/layout/recycler_select_record.xml"
"01:02:03:04:05","90","/Users/self/Documents/find_and_replace/data/example/source/res/layout/recycler_select_record.xml"
"30-07-2019:02:34","114","/Users/self/Documents/find_and_replace/data/example/source/res/layout/recycler_select_record.xml"
"ACC_X :","124","/Users/self/Documents/find_and_replace/data/example/source/res/layout/recycler_select_record.xml"
"0","133","/Users/self/Documents/find_and_replace/data/example/source/res/layout/recycler_select_record.xml"
"ACC_Z :","143","/Users/self/Documents/find_and_replace/data/example/source/res/layout/recycler_select_record.xml"
"0","152","/Users/self/Documents/find_and_replace/data/example/source/res/layout/recycler_select_record.xml"